,y_lo,y_hi,h_lo,h_hi
0,12.0,12.1,10.0,11.0
1,12.0,12.1,11.0,12.0
2,12.0,12.1,12.0,13.0
3,12.0,12.1,13.0,14.0
4,12.0,12.1,14.0,15.0
5,12.0,12.1,15.0,16.0
6,12.0,12.1,16.0,17.0
7,12.0,12.1,17.0,18.0
8,12.0,12.1,18.0,19.0
9,12.0,12.1,19.0,20.0
10,12.0,12.1,20.0,21.0
11,12.0,12.1,21.0,22.0
12,12.0,12.1,22.0,23.0
13,12.0,12.1,23.0,24.0
14,12.0,12.1,24.0,25.0
15,12.0,12.1,25.0,26.0
16,12.0,12.1,26.0,27.0
17,12.0,12.1,27.0,28.0
18,12.0,12.1,28.0,29.0
19,12.0,12.1,29.0,30.0
20,12.1,12.2,10.0,11.0
21,12.1,12.2,11.0,12.0
22,12.1,12.2,12.0,13.0
23,12.1,12.2,13.0,14.0
24,12.1,12.2,14.0,15.0
25,12.1,12.2,15.0,16.0
26,12.1,12.2,16.0,17.0
27,12.1,12.2,17.0,18.0
28,12.1,12.2,18.0,19.0
29,12.1,12.2,19.0,20.0
30,12.1,12.2,20.0,21.0
31,12.1,12.2,21.0,22.0
32,12.1,12.2,22.0,23.0
33,12.1,12.2,23.0,24.0
34,12.1,12.2,24.0,25.0
35,12.1,12.2,25.0,26.0
36,12.1,12.2,26.0,27.0
37,12.1,12.2,27.0,28.0
38,12.1,12.2,28.0,29.0
39,12.1,12.2,29.0,30.0
40,12.2,12.3,10.0,11.0
41,12.2,12.3,11.0,12.0
42,12.2,12.3,12.0,13.0
43,12.2,12.3,13.0,14.0
44,12.2,12.3,14.0,15.0
45,12.2,12.3,15.0,16.0
46,12.2,12.3,16.0,17.0
47,12.2,12.3,17.0,18.0
48,12.2,12.3,18.0,19.0
49,12.2,12.3,19.0,20.0
50,12.2,12.3,20.0,21.0
51,12.2,12.3,21.0,22.0
52,12.2,12.3,22.0,23.0
53,12.2,12.3,23.0,24.0
54,12.2,12.3,24.0,25.0
55,12.2,12.3,25.0,26.0
56,12.2,12.3,26.0,27.0
57,12.2,12.3,27.0,28.0
58,12.2,12.3,28.0,29.0
59,12.2,12.3,29.0,30.0
60,12.3,12.4,10.0,11.0
61,12.3,12.4,11.0,12.0
62,12.3,12.4,12.0,13.0
63,12.3,12.4,13.0,14.0
64,12.3,12.4,14.0,15.0
65,12.3,12.4,15.0,16.0
66,12.3,12.4,16.0,17.0
67,12.3,12.4,17.0,18.0
68,12.3,12.4,18.0,19.0
69,12.3,12.4,19.0,20.0
70,12.3,12.4,20.0,21.0
71,12.3,12.4,21.0,22.0
72,12.3,12.4,22.0,23.0
73,12.3,12.4,23.0,24.0
74,12.3,12.4,24.0,25.0
75,12.3,12.4,25.0,26.0
76,12.3,12.4,26.0,27.0
77,12.3,12.4,27.0,28.0
78,12.3,12.4,28.0,29.0
79,12.3,12.4,29.0,30.0
80,12.4,12.5,10.0,11.0
81,12.4,12.5,11.0,12.0
82,12.4,12.5,12.0,13.0
83,12.4,12.5,13.0,14.0
84,12.4,12.5,14.0,15.0
85,12.4,12.5,15.0,16.0
86,12.4,12.5,16.0,17.0
87,12.4,12.5,17.0,18.0
88,12.4,12.5,18.0,19.0
89,12.4,12.5,19.0,20.0
90,12.4,12.5,20.0,21.0
91,12.4,12.5,21.0,22.0
92,12.4,12.5,22.0,23.0
93,12.4,12.5,23.0,24.0
94,12.4,12.5,24.0,25.0
95,12.4,12.5,25.0,26.0
96,12.4,12.5,26.0,27.0
97,12.4,12.5,27.0,28.0
98,12.4,12.5,28.0,29.0
99,12.4,12.5,29.0,30.0
100,12.5,12.6,10.0,11.0
101,12.5,12.6,11.0,12.0
102,12.5,12.6,12.0,13.0
103,12.5,12.6,13.0,14.0
104,12.5,12.6,14.0,15.0
105,12.5,12.6,15.0,16.0
106,12.5,12.6,16.0,17.0
107,12.5,12.6,17.0,18.0
108,12.5,12.6,18.0,19.0
109,12.5,12.6,19.0,20.0
110,12.5,12.6,20.0,21.0
111,12.5,12.6,21.0,22.0
112,12.5,12.6,22.0,23.0
113,12.5,12.6,23.0,24.0
114,12.5,12.6,24.0,25.0
115,12.5,12.6,25.0,26.0
116,12.5,12.6,26.0,27.0
117,12.5,12.6,27.0,28.0
118,12.5,12.6,28.0,29.0
119,12.5,12.6,29.0,30.0
120,12.6,12.7,10.0,11.0
121,12.6,12.7,11.0,12.0
122,12.6,12.7,12.0,13.0
123,12.6,12.7,13.0,14.0
124,12.6,12.7,14.0,15.0
125,12.6,12.7,15.0,16.0
126,12.6,12.7,16.0,17.0
127,12.6,12.7,17.0,18.0
128,12.6,12.7,18.0,19.0
129,12.6,12.7,19.0,20.0
130,12.6,12.7,20.0,21.0
131,12.6,12.7,21.0,22.0
132,12.6,12.7,22.0,23.0
133,12.6,12.7,23.0,24.0
134,12.6,12.7,24.0,25.0
135,12.6,12.7,25.0,26.0
136,12.6,12.7,26.0,27.0
137,12.6,12.7,27.0,28.0
138,12.6,12.7,28.0,29.0
139,12.6,12.7,29.0,30.0
140,12.7,12.8,10.0,11.0
141,12.7,12.8,11.0,12.0
142,12.7,12.8,12.0,13.0
143,12.7,12.8,13.0,14.0
144,12.7,12.8,14.0,15.0
145,12.7,12.8,15.0,16.0
146,12.7,12.8,16.0,17.0
147,12.7,12.8,17.0,18.0
148,12.7,12.8,18.0,19.0
149,12.7,12.8,19.0,20.0
150,12.7,12.8,20.0,21.0
151,12.7,12.8,21.0,22.0
152,12.7,12.8,22.0,23.0
153,12.7,12.8,23.0,24.0
154,12.7,12.8,24.0,25.0
155,12.7,12.8,25.0,26.0
156,12.7,12.8,26.0,27.0
157,12.7,12.8,27.0,28.0
158,12.7,12.8,28.0,29.0
159,12.7,12.8,29.0,30.0
160,12.8,12.9,10.0,11.0
161,12.8,12.9,11.0,12.0
162,12.8,12.9,12.0,13.0
163,12.8,12.9,13.0,14.0
164,12.8,12.9,14.0,15.0
165,12.8,12.9,15.0,16.0
166,12.8,12.9,16.0,17.0
167,12.8,12.9,17.0,18.0
168,12.8,12.9,18.0,19.0
169,12.8,12.9,19.0,20.0
170,12.8,12.9,20.0,21.0
171,12.8,12.9,21.0,22.0
172,12.8,12.9,22.0,23.0
173,12.8,12.9,23.0,24.0
174,12.8,12.9,24.0,25.0
175,12.8,12.9,25.0,26.0
176,12.8,12.9,26.0,27.0
177,12.8,12.9,27.0,28.0
178,12.8,12.9,28.0,29.0
179,12.8,12.9,29.0,30.0
180,12.9,13.0,10.0,11.0
181,12.9,13.0,11.0,12.0
182,12.9,13.0,12.0,13.0
183,12.9,13.0,13.0,14.0
184,12.9,13.0,14.0,15.0
185,12.9,13.0,15.0,16.0
186,12.9,13.0,16.0,17.0
187,12.9,13.0,17.0,18.0
188,12.9,13.0,18.0,19.0
189,12.9,13.0,19.0,20.0
190,12.9,13.0,20.0,21.0
191,12.9,13.0,21.0,22.0
192,12.9,13.0,22.0,23.0
193,12.9,13.0,23.0,24.0
194,12.9,13.0,24.0,25.0
195,12.9,13.0,25.0,26.0
196,12.9,13.0,26.0,27.0
197,12.9,13.0,27.0,28.0
198,12.9,13.0,28.0,29.0
199,12.9,13.0,29.0,30.0
200,13.0,13.1,10.0,11.0
201,13.0,13.1,11.0,12.0
202,13.0,13.1,12.0,13.0
203,13.0,13.1,13.0,14.0
204,13.0,13.1,14.0,15.0
205,13.0,13.1,15.0,16.0
206,13.0,13.1,16.0,17.0
207,13.0,13.1,17.0,18.0
208,13.0,13.1,18.0,19.0
209,13.0,13.1,19.0,20.0
210,13.0,13.1,20.0,21.0
211,13.0,13.1,21.0,22.0
212,13.0,13.1,22.0,23.0
213,13.0,13.1,23.0,24.0
214,13.0,13.1,24.0,25.0
215,13.0,13.1,25.0,26.0
216,13.0,13.1,26.0,27.0
217,13.0,13.1,27.0,28.0
218,13.0,13.1,28.0,29.0
219,13.0,13.1,29.0,30.0
220,13.1,13.2,10.0,11.0
221,13.1,13.2,11.0,12.0
222,13.1,13.2,12.0,13.0
223,13.1,13.2,13.0,14.0
224,13.1,13.2,14.0,15.0
225,13.1,13.2,15.0,16.0
226,13.1,13.2,16.0,17.0
227,13.1,13.2,17.0,18.0
228,13.1,13.2,18.0,19.0
229,13.1,13.2,19.0,20.0
230,13.1,13.2,20.0,21.0
231,13.1,13.2,21.0,22.0
232,13.1,13.2,22.0,23.0
233,13.1,13.2,23.0,24.0
234,13.1,13.2,24.0,25.0
235,13.1,13.2,25.0,26.0
236,13.1,13.2,26.0,27.0
237,13.1,13.2,27.0,28.0
238,13.1,13.2,28.0,29.0
239,13.1,13.2,29.0,30.0
240,13.2,13.3,10.0,11.0
241,13.2,13.3,11.0,12.0
242,13.2,13.3,12.0,13.0
243,13.2,13.3,13.0,14.0
244,13.2,13.3,14.0,15.0
245,13.2,13.3,15.0,16.0
246,13.2,13.3,16.0,17.0
247,13.2,13.3,17.0,18.0
248,13.2,13.3,18.0,19.0
249,13.2,13.3,19.0,20.0
250,13.2,13.3,20.0,21.0
251,13.2,13.3,21.0,22.0
252,13.2,13.3,22.0,23.0
253,13.2,13.3,23.0,24.0
254,13.2,13.3,24.0,25.0
255,13.2,13.3,25.0,26.0
256,13.2,13.3,26.0,27.0
257,13.2,13.3,27.0,28.0
258,13.2,13.3,28.0,29.0
259,13.2,13.3,29.0,30.0
260,13.3,13.4,10.0,11.0
261,13.3,13.4,11.0,12.0
262,13.3,13.4,12.0,13.0
263,13.3,13.4,13.0,14.0
264,13.3,13.4,14.0,15.0
265,13.3,13.4,15.0,16.0
266,13.3,13.4,16.0,17.0
267,13.3,13.4,17.0,18.0
268,13.3,13.4,18.0,19.0
269,13.3,13.4,19.0,20.0
270,13.3,13.4,20.0,21.0
271,13.3,13.4,21.0,22.0
272,13.3,13.4,22.0,23.0
273,13.3,13.4,23.0,24.0
274,13.3,13.4,24.0,25.0
275,13.3,13.4,25.0,26.0
276,13.3,13.4,26.0,27.0
277,13.3,13.4,27.0,28.0
278,13.3,13.4,28.0,29.0
279,13.3,13.4,29.0,30.0
280,13.4,13.5,10.0,11.0
281,13.4,13.5,11.0,12.0
282,13.4,13.5,12.0,13.0
283,13.4,13.5,13.0,14.0
284,13.4,13.5,14.0,15.0
285,13.4,13.5,15.0,16.0
286,13.4,13.5,16.0,17.0
287,13.4,13.5,17.0,18.0
288,13.4,13.5,18.0,19.0
289,13.4,13.5,19.0,20.0
290,13.4,13.5,20.0,21.0
291,13.4,13.5,21.0,22.0
292,13.4,13.5,22.0,23.0
293,13.4,13.5,23.0,24.0
294,13.4,13.5,24.0,25.0
295,13.4,13.5,25.0,26.0
296,13.4,13.5,26.0,27.0
297,13.4,13.5,27.0,28.0
298,13.4,13.5,28.0,29.0
299,13.4,13.5,29.0,30.0
300,13.5,13.6,10.0,11.0
301,13.5,13.6,11.0,12.0
302,13.5,13.6,12.0,13.0
303,13.5,13.6,13.0,14.0
304,13.5,13.6,14.0,15.0
305,13.5,13.6,15.0,16.0
306,13.5,13.6,16.0,17.0
307,13.5,13.6,17.0,18.0
308,13.5,13.6,18.0,19.0
309,13.5,13.6,19.0,20.0
310,13.5,13.6,20.0,21.0
311,13.5,13.6,21.0,22.0
312,13.5,13.6,22.0,23.0
313,13.5,13.6,23.0,24.0
314,13.5,13.6,24.0,25.0
315,13.5,13.6,25.0,26.0
316,13.5,13.6,26.0,27.0
317,13.5,13.6,27.0,28.0
318,13.5,13.6,28.0,29.0
319,13.5,13.6,29.0,30.0
320,13.6,13.7,10.0,11.0
321,13.6,13.7,11.0,12.0
322,13.6,13.7,12.0,13.0
323,13.6,13.7,13.0,14.0
324,13.6,13.7,14.0,15.0
325,13.6,13.7,15.0,16.0
326,13.6,13.7,16.0,17.0
327,13.6,13.7,17.0,18.0
328,13.6,13.7,18.0,19.0
329,13.6,13.7,19.0,20.0
330,13.6,13.7,20.0,21.0
331,13.6,13.7,21.0,22.0
332,13.6,13.7,22.0,23.0
333,13.6,13.7,23.0,24.0
334,13.6,13.7,24.0,25.0
335,13.6,13.7,25.0,26.0
336,13.6,13.7,26.0,27.0
337,13.6,13.7,27.0,28.0
338,13.6,13.7,28.0,29.0
339,13.6,13.7,29.0,30.0
340,13.7,13.8,10.0,11.0
341,13.7,13.8,11.0,12.0
342,13.7,13.8,12.0,13.0
343,13.7,13.8,13.0,14.0
344,13.7,13.8,14.0,15.0
345,13.7,13.8,15.0,16.0
346,13.7,13.8,16.0,17.0
347,13.7,13.8,17.0,18.0
348,13.7,13.8,18.0,19.0
349,13.7,13.8,19.0,20.0
350,13.7,13.8,20.0,21.0
351,13.7,13.8,21.0,22.0
352,13.7,13.8,22.0,23.0
353,13.7,13.8,23.0,24.0
354,13.7,13.8,24.0,25.0
355,13.7,13.8,25.0,26.0
356,13.7,13.8,26.0,27.0
357,13.7,13.8,27.0,28.0
358,13.7,13.8,28.0,29.0
359,13.7,13.8,29.0,30.0
360,13.8,13.9,10.0,11.0
361,13.8,13.9,11.0,12.0
362,13.8,13.9,12.0,13.0
363,13.8,13.9,13.0,14.0
364,13.8,13.9,14.0,15.0
365,13.8,13.9,15.0,16.0
366,13.8,13.9,16.0,17.0
367,13.8,13.9,17.0,18.0
368,13.8,13.9,18.0,19.0
369,13.8,13.9,19.0,20.0
370,13.8,13.9,20.0,21.0
371,13.8,13.9,21.0,22.0
372,13.8,13.9,22.0,23.0
373,13.8,13.9,23.0,24.0
374,13.8,13.9,24.0,25.0
375,13.8,13.9,25.0,26.0
376,13.8,13.9,26.0,27.0
377,13.8,13.9,27.0,28.0
378,13.8,13.9,28.0,29.0
379,13.8,13.9,29.0,30.0
380,13.9,14.0,10.0,11.0
381,13.9,14.0,11.0,12.0
382,13.9,14.0,12.0,13.0
383,13.9,14.0,13.0,14.0
384,13.9,14.0,14.0,15.0
385,13.9,14.0,15.0,16.0
386,13.9,14.0,16.0,17.0
387,13.9,14.0,17.0,18.0
388,13.9,14.0,18.0,19.0
389,13.9,14.0,19.0,20.0
390,13.9,14.0,20.0,21.0
391,13.9,14.0,21.0,22.0
392,13.9,14.0,22.0,23.0
393,13.9,14.0,23.0,24.0
394,13.9,14.0,24.0,25.0
395,13.9,14.0,25.0,26.0
396,13.9,14.0,26.0,27.0
397,13.9,14.0,27.0,28.0
398,13.9,14.0,28.0,29.0
399,13.9,14.0,29.0,30.0
400,14.0,14.1,10.0,11.0
401,14.0,14.1,11.0,12.0
402,14.0,14.1,12.0,13.0
403,14.0,14.1,13.0,14.0
404,14.0,14.1,14.0,15.0
405,14.0,14.1,15.0,16.0
406,14.0,14.1,16.0,17.0
407,14.0,14.1,17.0,18.0
408,14.0,14.1,18.0,19.0
409,14.0,14.1,19.0,20.0
410,14.0,14.1,20.0,21.0
411,14.0,14.1,21.0,22.0
412,14.0,14.1,22.0,23.0
413,14.0,14.1,23.0,24.0
414,14.0,14.1,24.0,25.0
415,14.0,14.1,25.0,26.0
416,14.0,14.1,26.0,27.0
417,14.0,14.1,27.0,28.0
418,14.0,14.1,28.0,29.0
419,14.0,14.1,29.0,30.0
420,14.1,14.2,10.0,11.0
421,14.1,14.2,11.0,12.0
422,14.1,14.2,12.0,13.0
423,14.1,14.2,13.0,14.0
424,14.1,14.2,14.0,15.0
425,14.1,14.2,15.0,16.0
426,14.1,14.2,16.0,17.0
427,14.1,14.2,17.0,18.0
428,14.1,14.2,18.0,19.0
429,14.1,14.2,19.0,20.0
430,14.1,14.2,20.0,21.0
431,14.1,14.2,21.0,22.0
432,14.1,14.2,22.0,23.0
433,14.1,14.2,23.0,24.0
434,14.1,14.2,24.0,25.0
435,14.1,14.2,25.0,26.0
436,14.1,14.2,26.0,27.0
437,14.1,14.2,27.0,28.0
438,14.1,14.2,28.0,29.0
439,14.1,14.2,29.0,30.0
440,14.2,14.3,10.0,11.0
441,14.2,14.3,11.0,12.0
442,14.2,14.3,12.0,13.0
443,14.2,14.3,13.0,14.0
444,14.2,14.3,14.0,15.0
445,14.2,14.3,15.0,16.0
446,14.2,14.3,16.0,17.0
447,14.2,14.3,17.0,18.0
448,14.2,14.3,18.0,19.0
449,14.2,14.3,19.0,20.0
450,14.2,14.3,20.0,21.0
451,14.2,14.3,21.0,22.0
452,14.2,14.3,22.0,23.0
453,14.2,14.3,23.0,24.0
454,14.2,14.3,24.0,25.0
455,14.2,14.3,25.0,26.0
456,14.2,14.3,26.0,27.0
457,14.2,14.3,27.0,28.0
458,14.2,14.3,28.0,29.0
459,14.2,14.3,29.0,30.0
460,14.3,14.4,10.0,11.0
461,14.3,14.4,11.0,12.0
462,14.3,14.4,12.0,13.0
463,14.3,14.4,13.0,14.0
464,14.3,14.4,14.0,15.0
465,14.3,14.4,15.0,16.0
466,14.3,14.4,16.0,17.0
467,14.3,14.4,17.0,18.0
468,14.3,14.4,18.0,19.0
469,14.3,14.4,19.0,20.0
470,14.3,14.4,20.0,21.0
471,14.3,14.4,21.0,22.0
472,14.3,14.4,22.0,23.0
473,14.3,14.4,23.0,24.0
474,14.3,14.4,24.0,25.0
475,14.3,14.4,25.0,26.0
476,14.3,14.4,26.0,27.0
477,14.3,14.4,27.0,28.0
478,14.3,14.4,28.0,29.0
479,14.3,14.4,29.0,30.0
480,14.4,14.5,10.0,11.0
481,14.4,14.5,11.0,12.0
482,14.4,14.5,12.0,13.0
483,14.4,14.5,13.0,14.0
484,14.4,14.5,14.0,15.0
485,14.4,14.5,15.0,16.0
486,14.4,14.5,16.0,17.0
487,14.4,14.5,17.0,18.0
488,14.4,14.5,18.0,19.0
489,14.4,14.5,19.0,20.0
490,14.4,14.5,20.0,21.0
491,14.4,14.5,21.0,22.0
492,14.4,14.5,22.0,23.0
493,14.4,14.5,23.0,24.0
494,14.4,14.5,24.0,25.0
495,14.4,14.5,25.0,26.0
496,14.4,14.5,26.0,27.0
497,14.4,14.5,27.0,28.0
498,14.4,14.5,28.0,29.0
499,14.4,14.5,29.0,30.0
500,14.5,14.6,10.0,11.0
501,14.5,14.6,11.0,12.0
502,14.5,14.6,12.0,13.0
503,14.5,14.6,13.0,14.0
504,14.5,14.6,14.0,15.0
505,14.5,14.6,15.0,16.0
506,14.5,14.6,16.0,17.0
507,14.5,14.6,17.0,18.0
508,14.5,14.6,18.0,19.0
509,14.5,14.6,19.0,20.0
510,14.5,14.6,20.0,21.0
511,14.5,14.6,21.0,22.0
512,14.5,14.6,22.0,23.0
513,14.5,14.6,23.0,24.0
514,14.5,14.6,24.0,25.0
515,14.5,14.6,25.0,26.0
516,14.5,14.6,26.0,27.0
517,14.5,14.6,27.0,28.0
518,14.5,14.6,28.0,29.0
519,14.5,14.6,29.0,30.0
520,14.6,14.7,10.0,11.0
521,14.6,14.7,11.0,12.0
522,14.6,14.7,12.0,13.0
523,14.6,14.7,13.0,14.0
524,14.6,14.7,14.0,15.0
525,14.6,14.7,15.0,16.0
526,14.6,14.7,16.0,17.0
527,14.6,14.7,17.0,18.0
528,14.6,14.7,18.0,19.0
529,14.6,14.7,19.0,20.0
530,14.6,14.7,20.0,21.0
531,14.6,14.7,21.0,22.0
532,14.6,14.7,22.0,23.0
533,14.6,14.7,23.0,24.0
534,14.6,14.7,24.0,25.0
535,14.6,14.7,25.0,26.0
536,14.6,14.7,26.0,27.0
537,14.6,14.7,27.0,28.0
538,14.6,14.7,28.0,29.0
539,14.6,14.7,29.0,30.0
540,14.7,14.8,10.0,11.0
541,14.7,14.8,11.0,12.0
542,14.7,14.8,12.0,13.0
543,14.7,14.8,13.0,14.0
544,14.7,14.8,14.0,15.0
545,14.7,14.8,15.0,16.0
546,14.7,14.8,16.0,17.0
547,14.7,14.8,17.0,18.0
548,14.7,14.8,18.0,19.0
549,14.7,14.8,19.0,20.0
550,14.7,14.8,20.0,21.0
551,14.7,14.8,21.0,22.0
552,14.7,14.8,22.0,23.0
553,14.7,14.8,23.0,24.0
554,14.7,14.8,24.0,25.0
555,14.7,14.8,25.0,26.0
556,14.7,14.8,26.0,27.0
557,14.7,14.8,27.0,28.0
558,14.7,14.8,28.0,29.0
559,14.7,14.8,29.0,30.0
560,14.8,14.9,10.0,11.0
561,14.8,14.9,11.0,12.0
562,14.8,14.9,12.0,13.0
563,14.8,14.9,13.0,14.0
564,14.8,14.9,14.0,15.0
565,14.8,14.9,15.0,16.0
566,14.8,14.9,16.0,17.0
567,14.8,14.9,17.0,18.0
568,14.8,14.9,18.0,19.0
569,14.8,14.9,19.0,20.0
570,14.8,14.9,20.0,21.0
571,14.8,14.9,21.0,22.0
572,14.8,14.9,22.0,23.0
573,14.8,14.9,23.0,24.0
574,14.8,14.9,24.0,25.0
575,14.8,14.9,25.0,26.0
576,14.8,14.9,26.0,27.0
577,14.8,14.9,27.0,28.0
578,14.8,14.9,28.0,29.0
579,14.8,14.9,29.0,30.0
580,14.9,15.0,10.0,11.0
581,14.9,15.0,11.0,12.0
582,14.9,15.0,12.0,13.0
583,14.9,15.0,13.0,14.0
584,14.9,15.0,14.0,15.0
585,14.9,15.0,15.0,16.0
586,14.9,15.0,16.0,17.0
587,14.9,15.0,17.0,18.0
588,14.9,15.0,18.0,19.0
589,14.9,15.0,19.0,20.0
590,14.9,15.0,20.0,21.0
591,14.9,15.0,21.0,22.0
592,14.9,15.0,22.0,23.0
593,14.9,15.0,23.0,24.0
594,14.9,15.0,24.0,25.0
595,14.9,15.0,25.0,26.0
596,14.9,15.0,26.0,27.0
597,14.9,15.0,27.0,28.0
598,14.9,15.0,28.0,29.0
599,14.9,15.0,29.0,30.0
600,15.0,15.1,10.0,11.0
601,15.0,15.1,11.0,12.0
602,15.0,15.1,12.0,13.0
603,15.0,15.1,13.0,14.0
604,15.0,15.1,14.0,15.0
605,15.0,15.1,15.0,16.0
606,15.0,15.1,16.0,17.0
607,15.0,15.1,17.0,18.0
608,15.0,15.1,18.0,19.0
609,15.0,15.1,19.0,20.0
610,15.0,15.1,20.0,21.0
611,15.0,15.1,21.0,22.0
612,15.0,15.1,22.0,23.0
613,15.0,15.1,23.0,24.0
614,15.0,15.1,24.0,25.0
615,15.0,15.1,25.0,26.0
616,15.0,15.1,26.0,27.0
617,15.0,15.1,27.0,28.0
618,15.0,15.1,28.0,29.0
619,15.0,15.1,29.0,30.0
620,15.1,15.2,10.0,11.0
621,15.1,15.2,11.0,12.0
622,15.1,15.2,12.0,13.0
623,15.1,15.2,13.0,14.0
624,15.1,15.2,14.0,15.0
625,15.1,15.2,15.0,16.0
626,15.1,15.2,16.0,17.0
627,15.1,15.2,17.0,18.0
628,15.1,15.2,18.0,19.0
629,15.1,15.2,19.0,20.0
630,15.1,15.2,20.0,21.0
631,15.1,15.2,21.0,22.0
632,15.1,15.2,22.0,23.0
633,15.1,15.2,23.0,24.0
634,15.1,15.2,24.0,25.0
635,15.1,15.2,25.0,26.0
636,15.1,15.2,26.0,27.0
637,15.1,15.2,27.0,28.0
638,15.1,15.2,28.0,29.0
639,15.1,15.2,29.0,30.0
640,15.2,15.3,10.0,11.0
641,15.2,15.3,11.0,12.0
642,15.2,15.3,12.0,13.0
643,15.2,15.3,13.0,14.0
644,15.2,15.3,14.0,15.0
645,15.2,15.3,15.0,16.0
646,15.2,15.3,16.0,17.0
647,15.2,15.3,17.0,18.0
648,15.2,15.3,18.0,19.0
649,15.2,15.3,19.0,20.0
650,15.2,15.3,20.0,21.0
651,15.2,15.3,21.0,22.0
652,15.2,15.3,22.0,23.0
653,15.2,15.3,23.0,24.0
654,15.2,15.3,24.0,25.0
655,15.2,15.3,25.0,26.0
656,15.2,15.3,26.0,27.0
657,15.2,15.3,27.0,28.0
658,15.2,15.3,28.0,29.0
659,15.2,15.3,29.0,30.0
660,15.3,15.4,10.0,11.0
661,15.3,15.4,11.0,12.0
662,15.3,15.4,12.0,13.0
663,15.3,15.4,13.0,14.0
664,15.3,15.4,14.0,15.0
665,15.3,15.4,15.0,16.0
666,15.3,15.4,16.0,17.0
667,15.3,15.4,17.0,18.0
668,15.3,15.4,18.0,19.0
669,15.3,15.4,19.0,20.0
670,15.3,15.4,20.0,21.0
671,15.3,15.4,21.0,22.0
672,15.3,15.4,22.0,23.0
673,15.3,15.4,23.0,24.0
674,15.3,15.4,24.0,25.0
675,15.3,15.4,25.0,26.0
676,15.3,15.4,26.0,27.0
677,15.3,15.4,27.0,28.0
678,15.3,15.4,28.0,29.0
679,15.3,15.4,29.0,30.0
680,15.4,15.5,10.0,11.0
681,15.4,15.5,11.0,12.0
682,15.4,15.5,12.0,13.0
683,15.4,15.5,13.0,14.0
684,15.4,15.5,14.0,15.0
685,15.4,15.5,15.0,16.0
686,15.4,15.5,16.0,17.0
687,15.4,15.5,17.0,18.0
688,15.4,15.5,18.0,19.0
689,15.4,15.5,19.0,20.0
690,15.4,15.5,20.0,21.0
691,15.4,15.5,21.0,22.0
692,15.4,15.5,22.0,23.0
693,15.4,15.5,23.0,24.0
694,15.4,15.5,24.0,25.0
695,15.4,15.5,25.0,26.0
696,15.4,15.5,26.0,27.0
697,15.4,15.5,27.0,28.0
698,15.4,15.5,28.0,29.0
699,15.4,15.5,29.0,30.0
700,15.5,15.6,10.0,11.0
701,15.5,15.6,11.0,12.0
702,15.5,15.6,12.0,13.0
703,15.5,15.6,13.0,14.0
704,15.5,15.6,14.0,15.0
705,15.5,15.6,15.0,16.0
706,15.5,15.6,16.0,17.0
707,15.5,15.6,17.0,18.0
708,15.5,15.6,18.0,19.0
709,15.5,15.6,19.0,20.0
710,15.5,15.6,20.0,21.0
711,15.5,15.6,21.0,22.0
712,15.5,15.6,22.0,23.0
713,15.5,15.6,23.0,24.0
714,15.5,15.6,24.0,25.0
715,15.5,15.6,25.0,26.0
716,15.5,15.6,26.0,27.0
717,15.5,15.6,27.0,28.0
718,15.5,15.6,28.0,29.0
719,15.5,15.6,29.0,30.0
720,15.6,15.7,10.0,11.0
721,15.6,15.7,11.0,12.0
722,15.6,15.7,12.0,13.0
723,15.6,15.7,13.0,14.0
724,15.6,15.7,14.0,15.0
725,15.6,15.7,15.0,16.0
726,15.6,15.7,16.0,17.0
727,15.6,15.7,17.0,18.0
728,15.6,15.7,18.0,19.0
729,15.6,15.7,19.0,20.0
730,15.6,15.7,20.0,21.0
731,15.6,15.7,21.0,22.0
732,15.6,15.7,22.0,23.0
733,15.6,15.7,23.0,24.0
734,15.6,15.7,24.0,25.0
735,15.6,15.7,25.0,26.0
736,15.6,15.7,26.0,27.0
737,15.6,15.7,27.0,28.0
738,15.6,15.7,28.0,29.0
739,15.6,15.7,29.0,30.0
740,15.7,15.8,10.0,11.0
741,15.7,15.8,11.0,12.0
742,15.7,15.8,12.0,13.0
743,15.7,15.8,13.0,14.0
744,15.7,15.8,14.0,15.0
745,15.7,15.8,15.0,16.0
746,15.7,15.8,16.0,17.0
747,15.7,15.8,17.0,18.0
748,15.7,15.8,18.0,19.0
749,15.7,15.8,19.0,20.0
750,15.7,15.8,20.0,21.0
751,15.7,15.8,21.0,22.0
752,15.7,15.8,22.0,23.0
753,15.7,15.8,23.0,24.0
754,15.7,15.8,24.0,25.0
755,15.7,15.8,25.0,26.0
756,15.7,15.8,26.0,27.0
757,15.7,15.8,27.0,28.0
758,15.7,15.8,28.0,29.0
759,15.7,15.8,29.0,30.0
760,15.8,15.9,10.0,11.0
761,15.8,15.9,11.0,12.0
762,15.8,15.9,12.0,13.0
763,15.8,15.9,13.0,14.0
764,15.8,15.9,14.0,15.0
765,15.8,15.9,15.0,16.0
766,15.8,15.9,16.0,17.0
767,15.8,15.9,17.0,18.0
768,15.8,15.9,18.0,19.0
769,15.8,15.9,19.0,20.0
770,15.8,15.9,20.0,21.0
771,15.8,15.9,21.0,22.0
772,15.8,15.9,22.0,23.0
773,15.8,15.9,23.0,24.0
774,15.8,15.9,24.0,25.0
775,15.8,15.9,25.0,26.0
776,15.8,15.9,26.0,27.0
777,15.8,15.9,27.0,28.0
778,15.8,15.9,28.0,29.0
779,15.8,15.9,29.0,30.0
780,15.9,16.0,10.0,11.0
781,15.9,16.0,11.0,12.0
782,15.9,16.0,12.0,13.0
783,15.9,16.0,13.0,14.0
784,15.9,16.0,14.0,15.0
785,15.9,16.0,15.0,16.0
786,15.9,16.0,16.0,17.0
787,15.9,16.0,17.0,18.0
788,15.9,16.0,18.0,19.0
789,15.9,16.0,19.0,20.0
790,15.9,16.0,20.0,21.0
791,15.9,16.0,21.0,22.0
792,15.9,16.0,22.0,23.0
793,15.9,16.0,23.0,24.0
794,15.9,16.0,24.0,25.0
795,15.9,16.0,25.0,26.0
796,15.9,16.0,26.0,27.0
797,15.9,16.0,27.0,28.0
798,15.9,16.0,28.0,29.0
799,15.9,16.0,29.0,30.0
800,16.0,16.1,10.0,11.0
801,16.0,16.1,11.0,12.0
802,16.0,16.1,12.0,13.0
803,16.0,16.1,13.0,14.0
804,16.0,16.1,14.0,15.0
805,16.0,16.1,15.0,16.0
806,16.0,16.1,16.0,17.0
807,16.0,16.1,17.0,18.0
808,16.0,16.1,18.0,19.0
809,16.0,16.1,19.0,20.0
810,16.0,16.1,20.0,21.0
811,16.0,16.1,21.0,22.0
812,16.0,16.1,22.0,23.0
813,16.0,16.1,23.0,24.0
814,16.0,16.1,24.0,25.0
815,16.0,16.1,25.0,26.0
816,16.0,16.1,26.0,27.0
817,16.0,16.1,27.0,28.0
818,16.0,16.1,28.0,29.0
819,16.0,16.1,29.0,30.0
820,16.1,16.2,10.0,11.0
821,16.1,16.2,11.0,12.0
822,16.1,16.2,12.0,13.0
823,16.1,16.2,13.0,14.0
824,16.1,16.2,14.0,15.0
825,16.1,16.2,15.0,16.0
826,16.1,16.2,16.0,17.0
827,16.1,16.2,17.0,18.0
828,16.1,16.2,18.0,19.0
829,16.1,16.2,19.0,20.0
830,16.1,16.2,20.0,21.0
831,16.1,16.2,21.0,22.0
832,16.1,16.2,22.0,23.0
833,16.1,16.2,23.0,24.0
834,16.1,16.2,24.0,25.0
835,16.1,16.2,25.0,26.0
836,16.1,16.2,26.0,27.0
837,16.1,16.2,27.0,28.0
838,16.1,16.2,28.0,29.0
839,16.1,16.2,29.0,30.0
840,16.2,16.3,10.0,11.0
841,16.2,16.3,11.0,12.0
842,16.2,16.3,12.0,13.0
843,16.2,16.3,13.0,14.0
844,16.2,16.3,14.0,15.0
845,16.2,16.3,15.0,16.0
846,16.2,16.3,16.0,17.0
847,16.2,16.3,17.0,18.0
848,16.2,16.3,18.0,19.0
849,16.2,16.3,19.0,20.0
850,16.2,16.3,20.0,21.0
851,16.2,16.3,21.0,22.0
852,16.2,16.3,22.0,23.0
853,16.2,16.3,23.0,24.0
854,16.2,16.3,24.0,25.0
855,16.2,16.3,25.0,26.0
856,16.2,16.3,26.0,27.0
857,16.2,16.3,27.0,28.0
858,16.2,16.3,28.0,29.0
859,16.2,16.3,29.0,30.0
860,16.3,16.4,10.0,11.0
861,16.3,16.4,11.0,12.0
862,16.3,16.4,12.0,13.0
863,16.3,16.4,13.0,14.0
864,16.3,16.4,14.0,15.0
865,16.3,16.4,15.0,16.0
866,16.3,16.4,16.0,17.0
867,16.3,16.4,17.0,18.0
868,16.3,16.4,18.0,19.0
869,16.3,16.4,19.0,20.0
870,16.3,16.4,20.0,21.0
871,16.3,16.4,21.0,22.0
872,16.3,16.4,22.0,23.0
873,16.3,16.4,23.0,24.0
874,16.3,16.4,24.0,25.0
875,16.3,16.4,25.0,26.0
876,16.3,16.4,26.0,27.0
877,16.3,16.4,27.0,28.0
878,16.3,16.4,28.0,29.0
879,16.3,16.4,29.0,30.0
880,16.4,16.5,10.0,11.0
881,16.4,16.5,11.0,12.0
882,16.4,16.5,12.0,13.0
883,16.4,16.5,13.0,14.0
884,16.4,16.5,14.0,15.0
885,16.4,16.5,15.0,16.0
886,16.4,16.5,16.0,17.0
887,16.4,16.5,17.0,18.0
888,16.4,16.5,18.0,19.0
889,16.4,16.5,19.0,20.0
890,16.4,16.5,20.0,21.0
891,16.4,16.5,21.0,22.0
892,16.4,16.5,22.0,23.0
893,16.4,16.5,23.0,24.0
894,16.4,16.5,24.0,25.0
895,16.4,16.5,25.0,26.0
896,16.4,16.5,26.0,27.0
897,16.4,16.5,27.0,28.0
898,16.4,16.5,28.0,29.0
899,16.4,16.5,29.0,30.0
900,16.5,16.6,10.0,11.0
901,16.5,16.6,11.0,12.0
902,16.5,16.6,12.0,13.0
903,16.5,16.6,13.0,14.0
904,16.5,16.6,14.0,15.0
905,16.5,16.6,15.0,16.0
906,16.5,16.6,16.0,17.0
907,16.5,16.6,17.0,18.0
908,16.5,16.6,18.0,19.0
909,16.5,16.6,19.0,20.0
910,16.5,16.6,20.0,21.0
911,16.5,16.6,21.0,22.0
912,16.5,16.6,22.0,23.0
913,16.5,16.6,23.0,24.0
914,16.5,16.6,24.0,25.0
915,16.5,16.6,25.0,26.0
916,16.5,16.6,26.0,27.0
917,16.5,16.6,27.0,28.0
918,16.5,16.6,28.0,29.0
919,16.5,16.6,29.0,30.0
920,16.6,16.7,10.0,11.0
921,16.6,16.7,11.0,12.0
922,16.6,16.7,12.0,13.0
923,16.6,16.7,13.0,14.0
924,16.6,16.7,14.0,15.0
925,16.6,16.7,15.0,16.0
926,16.6,16.7,16.0,17.0
927,16.6,16.7,17.0,18.0
928,16.6,16.7,18.0,19.0
929,16.6,16.7,19.0,20.0
930,16.6,16.7,20.0,21.0
931,16.6,16.7,21.0,22.0
932,16.6,16.7,22.0,23.0
933,16.6,16.7,23.0,24.0
934,16.6,16.7,24.0,25.0
935,16.6,16.7,25.0,26.0
936,16.6,16.7,26.0,27.0
937,16.6,16.7,27.0,28.0
938,16.6,16.7,28.0,29.0
939,16.6,16.7,29.0,30.0
940,16.7,16.8,10.0,11.0
941,16.7,16.8,11.0,12.0
942,16.7,16.8,12.0,13.0
943,16.7,16.8,13.0,14.0
944,16.7,16.8,14.0,15.0
945,16.7,16.8,15.0,16.0
946,16.7,16.8,16.0,17.0
947,16.7,16.8,17.0,18.0
948,16.7,16.8,18.0,19.0
949,16.7,16.8,19.0,20.0
950,16.7,16.8,20.0,21.0
951,16.7,16.8,21.0,22.0
952,16.7,16.8,22.0,23.0
953,16.7,16.8,23.0,24.0
954,16.7,16.8,24.0,25.0
955,16.7,16.8,25.0,26.0
956,16.7,16.8,26.0,27.0
957,16.7,16.8,27.0,28.0
958,16.7,16.8,28.0,29.0
959,16.7,16.8,29.0,30.0
960,16.8,16.9,10.0,11.0
961,16.8,16.9,11.0,12.0
962,16.8,16.9,12.0,13.0
963,16.8,16.9,13.0,14.0
964,16.8,16.9,14.0,15.0
965,16.8,16.9,15.0,16.0
966,16.8,16.9,16.0,17.0
967,16.8,16.9,17.0,18.0
968,16.8,16.9,18.0,19.0
969,16.8,16.9,19.0,20.0
970,16.8,16.9,20.0,21.0
971,16.8,16.9,21.0,22.0
972,16.8,16.9,22.0,23.0
973,16.8,16.9,23.0,24.0
974,16.8,16.9,24.0,25.0
975,16.8,16.9,25.0,26.0
976,16.8,16.9,26.0,27.0
977,16.8,16.9,27.0,28.0
978,16.8,16.9,28.0,29.0
979,16.8,16.9,29.0,30.0
980,16.9,17.0,10.0,11.0
981,16.9,17.0,11.0,12.0
982,16.9,17.0,12.0,13.0
983,16.9,17.0,13.0,14.0
984,16.9,17.0,14.0,15.0
985,16.9,17.0,15.0,16.0
986,16.9,17.0,16.0,17.0
987,16.9,17.0,17.0,18.0
988,16.9,17.0,18.0,19.0
989,16.9,17.0,19.0,20.0
990,16.9,17.0,20.0,21.0
991,16.9,17.0,21.0,22.0
992,16.9,17.0,22.0,23.0
993,16.9,17.0,23.0,24.0
994,16.9,17.0,24.0,25.0
995,16.9,17.0,25.0,26.0
996,16.9,17.0,26.0,27.0
997,16.9,17.0,27.0,28.0
998,16.9,17.0,28.0,29.0
999,16.9,17.0,29.0,30.0
1000,17.0,17.1,10.0,11.0
1001,17.0,17.1,11.0,12.0
1002,17.0,17.1,12.0,13.0
1003,17.0,17.1,13.0,14.0
1004,17.0,17.1,14.0,15.0
1005,17.0,17.1,15.0,16.0
1006,17.0,17.1,16.0,17.0
1007,17.0,17.1,17.0,18.0
1008,17.0,17.1,18.0,19.0
1009,17.0,17.1,19.0,20.0
1010,17.0,17.1,20.0,21.0
1011,17.0,17.1,21.0,22.0
1012,17.0,17.1,22.0,23.0
1013,17.0,17.1,23.0,24.0
1014,17.0,17.1,24.0,25.0
1015,17.0,17.1,25.0,26.0
1016,17.0,17.1,26.0,27.0
1017,17.0,17.1,27.0,28.0
1018,17.0,17.1,28.0,29.0
1019,17.0,17.1,29.0,30.0
1020,17.1,17.2,10.0,11.0
1021,17.1,17.2,11.0,12.0
1022,17.1,17.2,12.0,13.0
1023,17.1,17.2,13.0,14.0
1024,17.1,17.2,14.0,15.0
1025,17.1,17.2,15.0,16.0
1026,17.1,17.2,16.0,17.0
1027,17.1,17.2,17.0,18.0
1028,17.1,17.2,18.0,19.0
1029,17.1,17.2,19.0,20.0
1030,17.1,17.2,20.0,21.0
1031,17.1,17.2,21.0,22.0
1032,17.1,17.2,22.0,23.0
1033,17.1,17.2,23.0,24.0
1034,17.1,17.2,24.0,25.0
1035,17.1,17.2,25.0,26.0
1036,17.1,17.2,26.0,27.0
1037,17.1,17.2,27.0,28.0
1038,17.1,17.2,28.0,29.0
1039,17.1,17.2,29.0,30.0
1040,17.2,17.3,10.0,11.0
1041,17.2,17.3,11.0,12.0
1042,17.2,17.3,12.0,13.0
1043,17.2,17.3,13.0,14.0
1044,17.2,17.3,14.0,15.0
1045,17.2,17.3,15.0,16.0
1046,17.2,17.3,16.0,17.0
1047,17.2,17.3,17.0,18.0
1048,17.2,17.3,18.0,19.0
1049,17.2,17.3,19.0,20.0
1050,17.2,17.3,20.0,21.0
1051,17.2,17.3,21.0,22.0
1052,17.2,17.3,22.0,23.0
1053,17.2,17.3,23.0,24.0
1054,17.2,17.3,24.0,25.0
1055,17.2,17.3,25.0,26.0
1056,17.2,17.3,26.0,27.0
1057,17.2,17.3,27.0,28.0
1058,17.2,17.3,28.0,29.0
1059,17.2,17.3,29.0,30.0
1060,17.3,17.4,10.0,11.0
1061,17.3,17.4,11.0,12.0
1062,17.3,17.4,12.0,13.0
1063,17.3,17.4,13.0,14.0
1064,17.3,17.4,14.0,15.0
1065,17.3,17.4,15.0,16.0
1066,17.3,17.4,16.0,17.0
1067,17.3,17.4,17.0,18.0
1068,17.3,17.4,18.0,19.0
1069,17.3,17.4,19.0,20.0
1070,17.3,17.4,20.0,21.0
1071,17.3,17.4,21.0,22.0
1072,17.3,17.4,22.0,23.0
1073,17.3,17.4,23.0,24.0
1074,17.3,17.4,24.0,25.0
1075,17.3,17.4,25.0,26.0
1076,17.3,17.4,26.0,27.0
1077,17.3,17.4,27.0,28.0
1078,17.3,17.4,28.0,29.0
1079,17.3,17.4,29.0,30.0
1080,17.4,17.5,10.0,11.0
1081,17.4,17.5,11.0,12.0
1082,17.4,17.5,12.0,13.0
1083,17.4,17.5,13.0,14.0
1084,17.4,17.5,14.0,15.0
1085,17.4,17.5,15.0,16.0
1086,17.4,17.5,16.0,17.0
1087,17.4,17.5,17.0,18.0
1088,17.4,17.5,18.0,19.0
1089,17.4,17.5,19.0,20.0
1090,17.4,17.5,20.0,21.0
1091,17.4,17.5,21.0,22.0
1092,17.4,17.5,22.0,23.0
1093,17.4,17.5,23.0,24.0
1094,17.4,17.5,24.0,25.0
1095,17.4,17.5,25.0,26.0
1096,17.4,17.5,26.0,27.0
1097,17.4,17.5,27.0,28.0
1098,17.4,17.5,28.0,29.0
1099,17.4,17.5,29.0,30.0
1100,17.5,17.6,10.0,11.0
1101,17.5,17.6,11.0,12.0
1102,17.5,17.6,12.0,13.0
1103,17.5,17.6,13.0,14.0
1104,17.5,17.6,14.0,15.0
1105,17.5,17.6,15.0,16.0
1106,17.5,17.6,16.0,17.0
1107,17.5,17.6,17.0,18.0
1108,17.5,17.6,18.0,19.0
1109,17.5,17.6,19.0,20.0
1110,17.5,17.6,20.0,21.0
1111,17.5,17.6,21.0,22.0
1112,17.5,17.6,22.0,23.0
1113,17.5,17.6,23.0,24.0
1114,17.5,17.6,24.0,25.0
1115,17.5,17.6,25.0,26.0
1116,17.5,17.6,26.0,27.0
1117,17.5,17.6,27.0,28.0
1118,17.5,17.6,28.0,29.0
1119,17.5,17.6,29.0,30.0
1120,17.6,17.7,10.0,11.0
1121,17.6,17.7,11.0,12.0
1122,17.6,17.7,12.0,13.0
1123,17.6,17.7,13.0,14.0
1124,17.6,17.7,14.0,15.0
1125,17.6,17.7,15.0,16.0
1126,17.6,17.7,16.0,17.0
1127,17.6,17.7,17.0,18.0
1128,17.6,17.7,18.0,19.0
1129,17.6,17.7,19.0,20.0
1130,17.6,17.7,20.0,21.0
1131,17.6,17.7,21.0,22.0
1132,17.6,17.7,22.0,23.0
1133,17.6,17.7,23.0,24.0
1134,17.6,17.7,24.0,25.0
1135,17.6,17.7,25.0,26.0
1136,17.6,17.7,26.0,27.0
1137,17.6,17.7,27.0,28.0
1138,17.6,17.7,28.0,29.0
1139,17.6,17.7,29.0,30.0
1140,17.7,17.8,10.0,11.0
1141,17.7,17.8,11.0,12.0
1142,17.7,17.8,12.0,13.0
1143,17.7,17.8,13.0,14.0
1144,17.7,17.8,14.0,15.0
1145,17.7,17.8,15.0,16.0
1146,17.7,17.8,16.0,17.0
1147,17.7,17.8,17.0,18.0
1148,17.7,17.8,18.0,19.0
1149,17.7,17.8,19.0,20.0
1150,17.7,17.8,20.0,21.0
1151,17.7,17.8,21.0,22.0
1152,17.7,17.8,22.0,23.0
1153,17.7,17.8,23.0,24.0
1154,17.7,17.8,24.0,25.0
1155,17.7,17.8,25.0,26.0
1156,17.7,17.8,26.0,27.0
1157,17.7,17.8,27.0,28.0
1158,17.7,17.8,28.0,29.0
1159,17.7,17.8,29.0,30.0
1160,17.8,17.9,10.0,11.0
1161,17.8,17.9,11.0,12.0
1162,17.8,17.9,12.0,13.0
1163,17.8,17.9,13.0,14.0
1164,17.8,17.9,14.0,15.0
1165,17.8,17.9,15.0,16.0
1166,17.8,17.9,16.0,17.0
1167,17.8,17.9,17.0,18.0
1168,17.8,17.9,18.0,19.0
1169,17.8,17.9,19.0,20.0
1170,17.8,17.9,20.0,21.0
1171,17.8,17.9,21.0,22.0
1172,17.8,17.9,22.0,23.0
1173,17.8,17.9,23.0,24.0
1174,17.8,17.9,24.0,25.0
1175,17.8,17.9,25.0,26.0
1176,17.8,17.9,26.0,27.0
1177,17.8,17.9,27.0,28.0
1178,17.8,17.9,28.0,29.0
1179,17.8,17.9,29.0,30.0
1180,17.9,18.0,10.0,11.0
1181,17.9,18.0,11.0,12.0
1182,17.9,18.0,12.0,13.0
1183,17.9,18.0,13.0,14.0
1184,17.9,18.0,14.0,15.0
1185,17.9,18.0,15.0,16.0
1186,17.9,18.0,16.0,17.0
1187,17.9,18.0,17.0,18.0
1188,17.9,18.0,18.0,19.0
1189,17.9,18.0,19.0,20.0
1190,17.9,18.0,20.0,21.0
1191,17.9,18.0,21.0,22.0
1192,17.9,18.0,22.0,23.0
1193,17.9,18.0,23.0,24.0
1194,17.9,18.0,24.0,25.0
1195,17.9,18.0,25.0,26.0
1196,17.9,18.0,26.0,27.0
1197,17.9,18.0,27.0,28.0
1198,17.9,18.0,28.0,29.0
1199,17.9,18.0,29.0,30.0
1200,18.0,18.1,10.0,11.0
1201,18.0,18.1,11.0,12.0
1202,18.0,18.1,12.0,13.0
1203,18.0,18.1,13.0,14.0
1204,18.0,18.1,14.0,15.0
1205,18.0,18.1,15.0,16.0
1206,18.0,18.1,16.0,17.0
1207,18.0,18.1,17.0,18.0
1208,18.0,18.1,18.0,19.0
1209,18.0,18.1,19.0,20.0
1210,18.0,18.1,20.0,21.0
1211,18.0,18.1,21.0,22.0
1212,18.0,18.1,22.0,23.0
1213,18.0,18.1,23.0,24.0
1214,18.0,18.1,24.0,25.0
1215,18.0,18.1,25.0,26.0
1216,18.0,18.1,26.0,27.0
1217,18.0,18.1,27.0,28.0
1218,18.0,18.1,28.0,29.0
1219,18.0,18.1,29.0,30.0
1220,18.1,18.2,10.0,11.0
1221,18.1,18.2,11.0,12.0
1222,18.1,18.2,12.0,13.0
1223,18.1,18.2,13.0,14.0
1224,18.1,18.2,14.0,15.0
1225,18.1,18.2,15.0,16.0
1226,18.1,18.2,16.0,17.0
1227,18.1,18.2,17.0,18.0
1228,18.1,18.2,18.0,19.0
1229,18.1,18.2,19.0,20.0
1230,18.1,18.2,20.0,21.0
1231,18.1,18.2,21.0,22.0
1232,18.1,18.2,22.0,23.0
1233,18.1,18.2,23.0,24.0
1234,18.1,18.2,24.0,25.0
1235,18.1,18.2,25.0,26.0
1236,18.1,18.2,26.0,27.0
1237,18.1,18.2,27.0,28.0
1238,18.1,18.2,28.0,29.0
1239,18.1,18.2,29.0,30.0
1240,18.2,18.3,10.0,11.0
1241,18.2,18.3,11.0,12.0
1242,18.2,18.3,12.0,13.0
1243,18.2,18.3,13.0,14.0
1244,18.2,18.3,14.0,15.0
1245,18.2,18.3,15.0,16.0
1246,18.2,18.3,16.0,17.0
1247,18.2,18.3,17.0,18.0
1248,18.2,18.3,18.0,19.0
1249,18.2,18.3,19.0,20.0
1250,18.2,18.3,20.0,21.0
1251,18.2,18.3,21.0,22.0
1252,18.2,18.3,22.0,23.0
1253,18.2,18.3,23.0,24.0
1254,18.2,18.3,24.0,25.0
1255,18.2,18.3,25.0,26.0
1256,18.2,18.3,26.0,27.0
1257,18.2,18.3,27.0,28.0
1258,18.2,18.3,28.0,29.0
1259,18.2,18.3,29.0,30.0
1260,18.3,18.4,10.0,11.0
1261,18.3,18.4,11.0,12.0
1262,18.3,18.4,12.0,13.0
1263,18.3,18.4,13.0,14.0
1264,18.3,18.4,14.0,15.0
1265,18.3,18.4,15.0,16.0
1266,18.3,18.4,16.0,17.0
1267,18.3,18.4,17.0,18.0
1268,18.3,18.4,18.0,19.0
1269,18.3,18.4,19.0,20.0
1270,18.3,18.4,20.0,21.0
1271,18.3,18.4,21.0,22.0
1272,18.3,18.4,22.0,23.0
1273,18.3,18.4,23.0,24.0
1274,18.3,18.4,24.0,25.0
1275,18.3,18.4,25.0,26.0
1276,18.3,18.4,26.0,27.0
1277,18.3,18.4,27.0,28.0
1278,18.3,18.4,28.0,29.0
1279,18.3,18.4,29.0,30.0
1280,18.4,18.5,10.0,11.0
1281,18.4,18.5,11.0,12.0
1282,18.4,18.5,12.0,13.0
1283,18.4,18.5,13.0,14.0
1284,18.4,18.5,14.0,15.0
1285,18.4,18.5,15.0,16.0
1286,18.4,18.5,16.0,17.0
1287,18.4,18.5,17.0,18.0
1288,18.4,18.5,18.0,19.0
1289,18.4,18.5,19.0,20.0
1290,18.4,18.5,20.0,21.0
1291,18.4,18.5,21.0,22.0
1292,18.4,18.5,22.0,23.0
1293,18.4,18.5,23.0,24.0
1294,18.4,18.5,24.0,25.0
1295,18.4,18.5,25.0,26.0
1296,18.4,18.5,26.0,27.0
1297,18.4,18.5,27.0,28.0
1298,18.4,18.5,28.0,29.0
1299,18.4,18.5,29.0,30.0
1300,18.5,18.6,10.0,11.0
1301,18.5,18.6,11.0,12.0
1302,18.5,18.6,12.0,13.0
1303,18.5,18.6,13.0,14.0
1304,18.5,18.6,14.0,15.0
1305,18.5,18.6,15.0,16.0
1306,18.5,18.6,16.0,17.0
1307,18.5,18.6,17.0,18.0
1308,18.5,18.6,18.0,19.0
1309,18.5,18.6,19.0,20.0
1310,18.5,18.6,20.0,21.0
1311,18.5,18.6,21.0,22.0
1312,18.5,18.6,22.0,23.0
1313,18.5,18.6,23.0,24.0
1314,18.5,18.6,24.0,25.0
1315,18.5,18.6,25.0,26.0
1316,18.5,18.6,26.0,27.0
1317,18.5,18.6,27.0,28.0
1318,18.5,18.6,28.0,29.0
1319,18.5,18.6,29.0,30.0
1320,18.6,18.7,10.0,11.0
1321,18.6,18.7,11.0,12.0
1322,18.6,18.7,12.0,13.0
1323,18.6,18.7,13.0,14.0
1324,18.6,18.7,14.0,15.0
1325,18.6,18.7,15.0,16.0
1326,18.6,18.7,16.0,17.0
1327,18.6,18.7,17.0,18.0
1328,18.6,18.7,18.0,19.0
1329,18.6,18.7,19.0,20.0
1330,18.6,18.7,20.0,21.0
1331,18.6,18.7,21.0,22.0
1332,18.6,18.7,22.0,23.0
1333,18.6,18.7,23.0,24.0
1334,18.6,18.7,24.0,25.0
1335,18.6,18.7,25.0,26.0
1336,18.6,18.7,26.0,27.0
1337,18.6,18.7,27.0,28.0
1338,18.6,18.7,28.0,29.0
1339,18.6,18.7,29.0,30.0
1340,18.7,18.8,10.0,11.0
1341,18.7,18.8,11.0,12.0
1342,18.7,18.8,12.0,13.0
1343,18.7,18.8,13.0,14.0
1344,18.7,18.8,14.0,15.0
1345,18.7,18.8,15.0,16.0
1346,18.7,18.8,16.0,17.0
1347,18.7,18.8,17.0,18.0
1348,18.7,18.8,18.0,19.0
1349,18.7,18.8,19.0,20.0
1350,18.7,18.8,20.0,21.0
1351,18.7,18.8,21.0,22.0
1352,18.7,18.8,22.0,23.0
1353,18.7,18.8,23.0,24.0
1354,18.7,18.8,24.0,25.0
1355,18.7,18.8,25.0,26.0
1356,18.7,18.8,26.0,27.0
1357,18.7,18.8,27.0,28.0
1358,18.7,18.8,28.0,29.0
1359,18.7,18.8,29.0,30.0
1360,18.8,18.9,10.0,11.0
1361,18.8,18.9,11.0,12.0
1362,18.8,18.9,12.0,13.0
1363,18.8,18.9,13.0,14.0
1364,18.8,18.9,14.0,15.0
1365,18.8,18.9,15.0,16.0
1366,18.8,18.9,16.0,17.0
1367,18.8,18.9,17.0,18.0
1368,18.8,18.9,18.0,19.0
1369,18.8,18.9,19.0,20.0
1370,18.8,18.9,20.0,21.0
1371,18.8,18.9,21.0,22.0
1372,18.8,18.9,22.0,23.0
1373,18.8,18.9,23.0,24.0
1374,18.8,18.9,24.0,25.0
1375,18.8,18.9,25.0,26.0
1376,18.8,18.9,26.0,27.0
1377,18.8,18.9,27.0,28.0
1378,18.8,18.9,28.0,29.0
1379,18.8,18.9,29.0,30.0
1380,18.9,19.0,10.0,11.0
1381,18.9,19.0,11.0,12.0
1382,18.9,19.0,12.0,13.0
1383,18.9,19.0,13.0,14.0
1384,18.9,19.0,14.0,15.0
1385,18.9,19.0,15.0,16.0
1386,18.9,19.0,16.0,17.0
1387,18.9,19.0,17.0,18.0
1388,18.9,19.0,18.0,19.0
1389,18.9,19.0,19.0,20.0
1390,18.9,19.0,20.0,21.0
1391,18.9,19.0,21.0,22.0
1392,18.9,19.0,22.0,23.0
1393,18.9,19.0,23.0,24.0
1394,18.9,19.0,24.0,25.0
1395,18.9,19.0,25.0,26.0
1396,18.9,19.0,26.0,27.0
1397,18.9,19.0,27.0,28.0
1398,18.9,19.0,28.0,29.0
1399,18.9,19.0,29.0,30.0
1400,19.0,19.1,10.0,11.0
1401,19.0,19.1,11.0,12.0
1402,19.0,19.1,12.0,13.0
1403,19.0,19.1,13.0,14.0
1404,19.0,19.1,14.0,15.0
1405,19.0,19.1,15.0,16.0
1406,19.0,19.1,16.0,17.0
1407,19.0,19.1,17.0,18.0
1408,19.0,19.1,18.0,19.0
1409,19.0,19.1,19.0,20.0
1410,19.0,19.1,20.0,21.0
1411,19.0,19.1,21.0,22.0
1412,19.0,19.1,22.0,23.0
1413,19.0,19.1,23.0,24.0
1414,19.0,19.1,24.0,25.0
1415,19.0,19.1,25.0,26.0
1416,19.0,19.1,26.0,27.0
1417,19.0,19.1,27.0,28.0
1418,19.0,19.1,28.0,29.0
1419,19.0,19.1,29.0,30.0
1420,19.1,19.2,10.0,11.0
1421,19.1,19.2,11.0,12.0
1422,19.1,19.2,12.0,13.0
1423,19.1,19.2,13.0,14.0
1424,19.1,19.2,14.0,15.0
1425,19.1,19.2,15.0,16.0
1426,19.1,19.2,16.0,17.0
1427,19.1,19.2,17.0,18.0
1428,19.1,19.2,18.0,19.0
1429,19.1,19.2,19.0,20.0
1430,19.1,19.2,20.0,21.0
1431,19.1,19.2,21.0,22.0
1432,19.1,19.2,22.0,23.0
1433,19.1,19.2,23.0,24.0
1434,19.1,19.2,24.0,25.0
1435,19.1,19.2,25.0,26.0
1436,19.1,19.2,26.0,27.0
1437,19.1,19.2,27.0,28.0
1438,19.1,19.2,28.0,29.0
1439,19.1,19.2,29.0,30.0
1440,19.2,19.3,10.0,11.0
1441,19.2,19.3,11.0,12.0
1442,19.2,19.3,12.0,13.0
1443,19.2,19.3,13.0,14.0
1444,19.2,19.3,14.0,15.0
1445,19.2,19.3,15.0,16.0
1446,19.2,19.3,16.0,17.0
1447,19.2,19.3,17.0,18.0
1448,19.2,19.3,18.0,19.0
1449,19.2,19.3,19.0,20.0
1450,19.2,19.3,20.0,21.0
1451,19.2,19.3,21.0,22.0
1452,19.2,19.3,22.0,23.0
1453,19.2,19.3,23.0,24.0
1454,19.2,19.3,24.0,25.0
1455,19.2,19.3,25.0,26.0
1456,19.2,19.3,26.0,27.0
1457,19.2,19.3,27.0,28.0
1458,19.2,19.3,28.0,29.0
1459,19.2,19.3,29.0,30.0
1460,19.3,19.4,10.0,11.0
1461,19.3,19.4,11.0,12.0
1462,19.3,19.4,12.0,13.0
1463,19.3,19.4,13.0,14.0
1464,19.3,19.4,14.0,15.0
1465,19.3,19.4,15.0,16.0
1466,19.3,19.4,16.0,17.0
1467,19.3,19.4,17.0,18.0
1468,19.3,19.4,18.0,19.0
1469,19.3,19.4,19.0,20.0
1470,19.3,19.4,20.0,21.0
1471,19.3,19.4,21.0,22.0
1472,19.3,19.4,22.0,23.0
1473,19.3,19.4,23.0,24.0
1474,19.3,19.4,24.0,25.0
1475,19.3,19.4,25.0,26.0
1476,19.3,19.4,26.0,27.0
1477,19.3,19.4,27.0,28.0
1478,19.3,19.4,28.0,29.0
1479,19.3,19.4,29.0,30.0
1480,19.4,19.5,10.0,11.0
1481,19.4,19.5,11.0,12.0
1482,19.4,19.5,12.0,13.0
1483,19.4,19.5,13.0,14.0
1484,19.4,19.5,14.0,15.0
1485,19.4,19.5,15.0,16.0
1486,19.4,19.5,16.0,17.0
1487,19.4,19.5,17.0,18.0
1488,19.4,19.5,18.0,19.0
1489,19.4,19.5,19.0,20.0
1490,19.4,19.5,20.0,21.0
1491,19.4,19.5,21.0,22.0
1492,19.4,19.5,22.0,23.0
1493,19.4,19.5,23.0,24.0
1494,19.4,19.5,24.0,25.0
1495,19.4,19.5,25.0,26.0
1496,19.4,19.5,26.0,27.0
1497,19.4,19.5,27.0,28.0
1498,19.4,19.5,28.0,29.0
1499,19.4,19.5,29.0,30.0
1500,19.5,19.6,10.0,11.0
1501,19.5,19.6,11.0,12.0
1502,19.5,19.6,12.0,13.0
1503,19.5,19.6,13.0,14.0
1504,19.5,19.6,14.0,15.0
1505,19.5,19.6,15.0,16.0
1506,19.5,19.6,16.0,17.0
1507,19.5,19.6,17.0,18.0
1508,19.5,19.6,18.0,19.0
1509,19.5,19.6,19.0,20.0
1510,19.5,19.6,20.0,21.0
1511,19.5,19.6,21.0,22.0
1512,19.5,19.6,22.0,23.0
1513,19.5,19.6,23.0,24.0
1514,19.5,19.6,24.0,25.0
1515,19.5,19.6,25.0,26.0
1516,19.5,19.6,26.0,27.0
1517,19.5,19.6,27.0,28.0
1518,19.5,19.6,28.0,29.0
1519,19.5,19.6,29.0,30.0
1520,19.6,19.7,10.0,11.0
1521,19.6,19.7,11.0,12.0
1522,19.6,19.7,12.0,13.0
1523,19.6,19.7,13.0,14.0
1524,19.6,19.7,14.0,15.0
1525,19.6,19.7,15.0,16.0
1526,19.6,19.7,16.0,17.0
1527,19.6,19.7,17.0,18.0
1528,19.6,19.7,18.0,19.0
1529,19.6,19.7,19.0,20.0
1530,19.6,19.7,20.0,21.0
1531,19.6,19.7,21.0,22.0
1532,19.6,19.7,22.0,23.0
1533,19.6,19.7,23.0,24.0
1534,19.6,19.7,24.0,25.0
1535,19.6,19.7,25.0,26.0
1536,19.6,19.7,26.0,27.0
1537,19.6,19.7,27.0,28.0
1538,19.6,19.7,28.0,29.0
1539,19.6,19.7,29.0,30.0
1540,19.7,19.8,10.0,11.0
1541,19.7,19.8,11.0,12.0
1542,19.7,19.8,12.0,13.0
1543,19.7,19.8,13.0,14.0
1544,19.7,19.8,14.0,15.0
1545,19.7,19.8,15.0,16.0
1546,19.7,19.8,16.0,17.0
1547,19.7,19.8,17.0,18.0
1548,19.7,19.8,18.0,19.0
1549,19.7,19.8,19.0,20.0
1550,19.7,19.8,20.0,21.0
1551,19.7,19.8,21.0,22.0
1552,19.7,19.8,22.0,23.0
1553,19.7,19.8,23.0,24.0
1554,19.7,19.8,24.0,25.0
1555,19.7,19.8,25.0,26.0
1556,19.7,19.8,26.0,27.0
1557,19.7,19.8,27.0,28.0
1558,19.7,19.8,28.0,29.0
1559,19.7,19.8,29.0,30.0
1560,19.8,19.9,10.0,11.0
1561,19.8,19.9,11.0,12.0
1562,19.8,19.9,12.0,13.0
1563,19.8,19.9,13.0,14.0
1564,19.8,19.9,14.0,15.0
1565,19.8,19.9,15.0,16.0
1566,19.8,19.9,16.0,17.0
1567,19.8,19.9,17.0,18.0
1568,19.8,19.9,18.0,19.0
1569,19.8,19.9,19.0,20.0
1570,19.8,19.9,20.0,21.0
1571,19.8,19.9,21.0,22.0
1572,19.8,19.9,22.0,23.0
1573,19.8,19.9,23.0,24.0
1574,19.8,19.9,24.0,25.0
1575,19.8,19.9,25.0,26.0
1576,19.8,19.9,26.0,27.0
1577,19.8,19.9,27.0,28.0
1578,19.8,19.9,28.0,29.0
1579,19.8,19.9,29.0,30.0
1580,19.9,20.0,10.0,11.0
1581,19.9,20.0,11.0,12.0
1582,19.9,20.0,12.0,13.0
1583,19.9,20.0,13.0,14.0
1584,19.9,20.0,14.0,15.0
1585,19.9,20.0,15.0,16.0
1586,19.9,20.0,16.0,17.0
1587,19.9,20.0,17.0,18.0
1588,19.9,20.0,18.0,19.0
1589,19.9,20.0,19.0,20.0
1590,19.9,20.0,20.0,21.0
1591,19.9,20.0,21.0,22.0
1592,19.9,20.0,22.0,23.0
1593,19.9,20.0,23.0,24.0
1594,19.9,20.0,24.0,25.0
1595,19.9,20.0,25.0,26.0
1596,19.9,20.0,26.0,27.0
1597,19.9,20.0,27.0,28.0
1598,19.9,20.0,28.0,29.0
1599,19.9,20.0,29.0,30.0
1600,20.0,20.1,10.0,11.0
1601,20.0,20.1,11.0,12.0
1602,20.0,20.1,12.0,13.0
1603,20.0,20.1,13.0,14.0
1604,20.0,20.1,14.0,15.0
1605,20.0,20.1,15.0,16.0
1606,20.0,20.1,16.0,17.0
1607,20.0,20.1,17.0,18.0
1608,20.0,20.1,18.0,19.0
1609,20.0,20.1,19.0,20.0
1610,20.0,20.1,20.0,21.0
1611,20.0,20.1,21.0,22.0
1612,20.0,20.1,22.0,23.0
1613,20.0,20.1,23.0,24.0
1614,20.0,20.1,24.0,25.0
1615,20.0,20.1,25.0,26.0
1616,20.0,20.1,26.0,27.0
1617,20.0,20.1,27.0,28.0
1618,20.0,20.1,28.0,29.0
1619,20.0,20.1,29.0,30.0
1620,20.1,20.2,10.0,11.0
1621,20.1,20.2,11.0,12.0
1622,20.1,20.2,12.0,13.0
1623,20.1,20.2,13.0,14.0
1624,20.1,20.2,14.0,15.0
1625,20.1,20.2,15.0,16.0
1626,20.1,20.2,16.0,17.0
1627,20.1,20.2,17.0,18.0
1628,20.1,20.2,18.0,19.0
1629,20.1,20.2,19.0,20.0
1630,20.1,20.2,20.0,21.0
1631,20.1,20.2,21.0,22.0
1632,20.1,20.2,22.0,23.0
1633,20.1,20.2,23.0,24.0
1634,20.1,20.2,24.0,25.0
1635,20.1,20.2,25.0,26.0
1636,20.1,20.2,26.0,27.0
1637,20.1,20.2,27.0,28.0
1638,20.1,20.2,28.0,29.0
1639,20.1,20.2,29.0,30.0
1640,20.2,20.3,10.0,11.0
1641,20.2,20.3,11.0,12.0
1642,20.2,20.3,12.0,13.0
1643,20.2,20.3,13.0,14.0
1644,20.2,20.3,14.0,15.0
1645,20.2,20.3,15.0,16.0
1646,20.2,20.3,16.0,17.0
1647,20.2,20.3,17.0,18.0
1648,20.2,20.3,18.0,19.0
1649,20.2,20.3,19.0,20.0
1650,20.2,20.3,20.0,21.0
1651,20.2,20.3,21.0,22.0
1652,20.2,20.3,22.0,23.0
1653,20.2,20.3,23.0,24.0
1654,20.2,20.3,24.0,25.0
1655,20.2,20.3,25.0,26.0
1656,20.2,20.3,26.0,27.0
1657,20.2,20.3,27.0,28.0
1658,20.2,20.3,28.0,29.0
1659,20.2,20.3,29.0,30.0
1660,20.3,20.4,10.0,11.0
1661,20.3,20.4,11.0,12.0
1662,20.3,20.4,12.0,13.0
1663,20.3,20.4,13.0,14.0
1664,20.3,20.4,14.0,15.0
1665,20.3,20.4,15.0,16.0
1666,20.3,20.4,16.0,17.0
1667,20.3,20.4,17.0,18.0
1668,20.3,20.4,18.0,19.0
1669,20.3,20.4,19.0,20.0
1670,20.3,20.4,20.0,21.0
1671,20.3,20.4,21.0,22.0
1672,20.3,20.4,22.0,23.0
1673,20.3,20.4,23.0,24.0
1674,20.3,20.4,24.0,25.0
1675,20.3,20.4,25.0,26.0
1676,20.3,20.4,26.0,27.0
1677,20.3,20.4,27.0,28.0
1678,20.3,20.4,28.0,29.0
1679,20.3,20.4,29.0,30.0
1680,20.4,20.5,10.0,11.0
1681,20.4,20.5,11.0,12.0
1682,20.4,20.5,12.0,13.0
1683,20.4,20.5,13.0,14.0
1684,20.4,20.5,14.0,15.0
1685,20.4,20.5,15.0,16.0
1686,20.4,20.5,16.0,17.0
1687,20.4,20.5,17.0,18.0
1688,20.4,20.5,18.0,19.0
1689,20.4,20.5,19.0,20.0
1690,20.4,20.5,20.0,21.0
1691,20.4,20.5,21.0,22.0
1692,20.4,20.5,22.0,23.0
1693,20.4,20.5,23.0,24.0
1694,20.4,20.5,24.0,25.0
1695,20.4,20.5,25.0,26.0
1696,20.4,20.5,26.0,27.0
1697,20.4,20.5,27.0,28.0
1698,20.4,20.5,28.0,29.0
1699,20.4,20.5,29.0,30.0
1700,20.5,20.6,10.0,11.0
1701,20.5,20.6,11.0,12.0
1702,20.5,20.6,12.0,13.0
1703,20.5,20.6,13.0,14.0
1704,20.5,20.6,14.0,15.0
1705,20.5,20.6,15.0,16.0
1706,20.5,20.6,16.0,17.0
1707,20.5,20.6,17.0,18.0
1708,20.5,20.6,18.0,19.0
1709,20.5,20.6,19.0,20.0
1710,20.5,20.6,20.0,21.0
1711,20.5,20.6,21.0,22.0
1712,20.5,20.6,22.0,23.0
1713,20.5,20.6,23.0,24.0
1714,20.5,20.6,24.0,25.0
1715,20.5,20.6,25.0,26.0
1716,20.5,20.6,26.0,27.0
1717,20.5,20.6,27.0,28.0
1718,20.5,20.6,28.0,29.0
1719,20.5,20.6,29.0,30.0
1720,20.6,20.7,10.0,11.0
1721,20.6,20.7,11.0,12.0
1722,20.6,20.7,12.0,13.0
1723,20.6,20.7,13.0,14.0
1724,20.6,20.7,14.0,15.0
1725,20.6,20.7,15.0,16.0
1726,20.6,20.7,16.0,17.0
1727,20.6,20.7,17.0,18.0
1728,20.6,20.7,18.0,19.0
1729,20.6,20.7,19.0,20.0
1730,20.6,20.7,20.0,21.0
1731,20.6,20.7,21.0,22.0
1732,20.6,20.7,22.0,23.0
1733,20.6,20.7,23.0,24.0
1734,20.6,20.7,24.0,25.0
1735,20.6,20.7,25.0,26.0
1736,20.6,20.7,26.0,27.0
1737,20.6,20.7,27.0,28.0
1738,20.6,20.7,28.0,29.0
1739,20.6,20.7,29.0,30.0
1740,20.7,20.8,10.0,11.0
1741,20.7,20.8,11.0,12.0
1742,20.7,20.8,12.0,13.0
1743,20.7,20.8,13.0,14.0
1744,20.7,20.8,14.0,15.0
1745,20.7,20.8,15.0,16.0
1746,20.7,20.8,16.0,17.0
1747,20.7,20.8,17.0,18.0
1748,20.7,20.8,18.0,19.0
1749,20.7,20.8,19.0,20.0
1750,20.7,20.8,20.0,21.0
1751,20.7,20.8,21.0,22.0
1752,20.7,20.8,22.0,23.0
1753,20.7,20.8,23.0,24.0
1754,20.7,20.8,24.0,25.0
1755,20.7,20.8,25.0,26.0
1756,20.7,20.8,26.0,27.0
1757,20.7,20.8,27.0,28.0
1758,20.7,20.8,28.0,29.0
1759,20.7,20.8,29.0,30.0
1760,20.8,20.9,10.0,11.0
1761,20.8,20.9,11.0,12.0
1762,20.8,20.9,12.0,13.0
1763,20.8,20.9,13.0,14.0
1764,20.8,20.9,14.0,15.0
1765,20.8,20.9,15.0,16.0
1766,20.8,20.9,16.0,17.0
1767,20.8,20.9,17.0,18.0
1768,20.8,20.9,18.0,19.0
1769,20.8,20.9,19.0,20.0
1770,20.8,20.9,20.0,21.0
1771,20.8,20.9,21.0,22.0
1772,20.8,20.9,22.0,23.0
1773,20.8,20.9,23.0,24.0
1774,20.8,20.9,24.0,25.0
1775,20.8,20.9,25.0,26.0
1776,20.8,20.9,26.0,27.0
1777,20.8,20.9,27.0,28.0
1778,20.8,20.9,28.0,29.0
1779,20.8,20.9,29.0,30.0
1780,20.9,21.0,10.0,11.0
1781,20.9,21.0,11.0,12.0
1782,20.9,21.0,12.0,13.0
1783,20.9,21.0,13.0,14.0
1784,20.9,21.0,14.0,15.0
1785,20.9,21.0,15.0,16.0
1786,20.9,21.0,16.0,17.0
1787,20.9,21.0,17.0,18.0
1788,20.9,21.0,18.0,19.0
1789,20.9,21.0,19.0,20.0
1790,20.9,21.0,20.0,21.0
1791,20.9,21.0,21.0,22.0
1792,20.9,21.0,22.0,23.0
1793,20.9,21.0,23.0,24.0
1794,20.9,21.0,24.0,25.0
1795,20.9,21.0,25.0,26.0
1796,20.9,21.0,26.0,27.0
1797,20.9,21.0,27.0,28.0
1798,20.9,21.0,28.0,29.0
1799,20.9,21.0,29.0,30.0
1800,21.0,21.1,10.0,11.0
1801,21.0,21.1,11.0,12.0
1802,21.0,21.1,12.0,13.0
1803,21.0,21.1,13.0,14.0
1804,21.0,21.1,14.0,15.0
1805,21.0,21.1,15.0,16.0
1806,21.0,21.1,16.0,17.0
1807,21.0,21.1,17.0,18.0
1808,21.0,21.1,18.0,19.0
1809,21.0,21.1,19.0,20.0
1810,21.0,21.1,20.0,21.0
1811,21.0,21.1,21.0,22.0
1812,21.0,21.1,22.0,23.0
1813,21.0,21.1,23.0,24.0
1814,21.0,21.1,24.0,25.0
1815,21.0,21.1,25.0,26.0
1816,21.0,21.1,26.0,27.0
1817,21.0,21.1,27.0,28.0
1818,21.0,21.1,28.0,29.0
1819,21.0,21.1,29.0,30.0
1820,21.1,21.2,10.0,11.0
1821,21.1,21.2,11.0,12.0
1822,21.1,21.2,12.0,13.0
1823,21.1,21.2,13.0,14.0
1824,21.1,21.2,14.0,15.0
1825,21.1,21.2,15.0,16.0
1826,21.1,21.2,16.0,17.0
1827,21.1,21.2,17.0,18.0
1828,21.1,21.2,18.0,19.0
1829,21.1,21.2,19.0,20.0
1830,21.1,21.2,20.0,21.0
1831,21.1,21.2,21.0,22.0
1832,21.1,21.2,22.0,23.0
1833,21.1,21.2,23.0,24.0
1834,21.1,21.2,24.0,25.0
1835,21.1,21.2,25.0,26.0
1836,21.1,21.2,26.0,27.0
1837,21.1,21.2,27.0,28.0
1838,21.1,21.2,28.0,29.0
1839,21.1,21.2,29.0,30.0
1840,21.2,21.3,10.0,11.0
1841,21.2,21.3,11.0,12.0
1842,21.2,21.3,12.0,13.0
1843,21.2,21.3,13.0,14.0
1844,21.2,21.3,14.0,15.0
1845,21.2,21.3,15.0,16.0
1846,21.2,21.3,16.0,17.0
1847,21.2,21.3,17.0,18.0
1848,21.2,21.3,18.0,19.0
1849,21.2,21.3,19.0,20.0
1850,21.2,21.3,20.0,21.0
1851,21.2,21.3,21.0,22.0
1852,21.2,21.3,22.0,23.0
1853,21.2,21.3,23.0,24.0
1854,21.2,21.3,24.0,25.0
1855,21.2,21.3,25.0,26.0
1856,21.2,21.3,26.0,27.0
1857,21.2,21.3,27.0,28.0
1858,21.2,21.3,28.0,29.0
1859,21.2,21.3,29.0,30.0
1860,21.3,21.4,10.0,11.0
1861,21.3,21.4,11.0,12.0
1862,21.3,21.4,12.0,13.0
1863,21.3,21.4,13.0,14.0
1864,21.3,21.4,14.0,15.0
1865,21.3,21.4,15.0,16.0
1866,21.3,21.4,16.0,17.0
1867,21.3,21.4,17.0,18.0
1868,21.3,21.4,18.0,19.0
1869,21.3,21.4,19.0,20.0
1870,21.3,21.4,20.0,21.0
1871,21.3,21.4,21.0,22.0
1872,21.3,21.4,22.0,23.0
1873,21.3,21.4,23.0,24.0
1874,21.3,21.4,24.0,25.0
1875,21.3,21.4,25.0,26.0
1876,21.3,21.4,26.0,27.0
1877,21.3,21.4,27.0,28.0
1878,21.3,21.4,28.0,29.0
1879,21.3,21.4,29.0,30.0
1880,21.4,21.5,10.0,11.0
1881,21.4,21.5,11.0,12.0
1882,21.4,21.5,12.0,13.0
1883,21.4,21.5,13.0,14.0
1884,21.4,21.5,14.0,15.0
1885,21.4,21.5,15.0,16.0
1886,21.4,21.5,16.0,17.0
1887,21.4,21.5,17.0,18.0
1888,21.4,21.5,18.0,19.0
1889,21.4,21.5,19.0,20.0
1890,21.4,21.5,20.0,21.0
1891,21.4,21.5,21.0,22.0
1892,21.4,21.5,22.0,23.0
1893,21.4,21.5,23.0,24.0
1894,21.4,21.5,24.0,25.0
1895,21.4,21.5,25.0,26.0
1896,21.4,21.5,26.0,27.0
1897,21.4,21.5,27.0,28.0
1898,21.4,21.5,28.0,29.0
1899,21.4,21.5,29.0,30.0
1900,21.5,21.6,10.0,11.0
1901,21.5,21.6,11.0,12.0
1902,21.5,21.6,12.0,13.0
1903,21.5,21.6,13.0,14.0
1904,21.5,21.6,14.0,15.0
1905,21.5,21.6,15.0,16.0
1906,21.5,21.6,16.0,17.0
1907,21.5,21.6,17.0,18.0
1908,21.5,21.6,18.0,19.0
1909,21.5,21.6,19.0,20.0
1910,21.5,21.6,20.0,21.0
1911,21.5,21.6,21.0,22.0
1912,21.5,21.6,22.0,23.0
1913,21.5,21.6,23.0,24.0
1914,21.5,21.6,24.0,25.0
1915,21.5,21.6,25.0,26.0
1916,21.5,21.6,26.0,27.0
1917,21.5,21.6,27.0,28.0
1918,21.5,21.6,28.0,29.0
1919,21.5,21.6,29.0,30.0
1920,21.6,21.7,10.0,11.0
1921,21.6,21.7,11.0,12.0
1922,21.6,21.7,12.0,13.0
1923,21.6,21.7,13.0,14.0
1924,21.6,21.7,14.0,15.0
1925,21.6,21.7,15.0,16.0
1926,21.6,21.7,16.0,17.0
1927,21.6,21.7,17.0,18.0
1928,21.6,21.7,18.0,19.0
1929,21.6,21.7,19.0,20.0
1930,21.6,21.7,20.0,21.0
1931,21.6,21.7,21.0,22.0
1932,21.6,21.7,22.0,23.0
1933,21.6,21.7,23.0,24.0
1934,21.6,21.7,24.0,25.0
1935,21.6,21.7,25.0,26.0
1936,21.6,21.7,26.0,27.0
1937,21.6,21.7,27.0,28.0
1938,21.6,21.7,28.0,29.0
1939,21.6,21.7,29.0,30.0
1940,21.7,21.8,10.0,11.0
1941,21.7,21.8,11.0,12.0
1942,21.7,21.8,12.0,13.0
1943,21.7,21.8,13.0,14.0
1944,21.7,21.8,14.0,15.0
1945,21.7,21.8,15.0,16.0
1946,21.7,21.8,16.0,17.0
1947,21.7,21.8,17.0,18.0
1948,21.7,21.8,18.0,19.0
1949,21.7,21.8,19.0,20.0
1950,21.7,21.8,20.0,21.0
1951,21.7,21.8,21.0,22.0
1952,21.7,21.8,22.0,23.0
1953,21.7,21.8,23.0,24.0
1954,21.7,21.8,24.0,25.0
1955,21.7,21.8,25.0,26.0
1956,21.7,21.8,26.0,27.0
1957,21.7,21.8,27.0,28.0
1958,21.7,21.8,28.0,29.0
1959,21.7,21.8,29.0,30.0
1960,21.8,21.9,10.0,11.0
1961,21.8,21.9,11.0,12.0
1962,21.8,21.9,12.0,13.0
1963,21.8,21.9,13.0,14.0
1964,21.8,21.9,14.0,15.0
1965,21.8,21.9,15.0,16.0
1966,21.8,21.9,16.0,17.0
1967,21.8,21.9,17.0,18.0
1968,21.8,21.9,18.0,19.0
1969,21.8,21.9,19.0,20.0
1970,21.8,21.9,20.0,21.0
1971,21.8,21.9,21.0,22.0
1972,21.8,21.9,22.0,23.0
1973,21.8,21.9,23.0,24.0
1974,21.8,21.9,24.0,25.0
1975,21.8,21.9,25.0,26.0
1976,21.8,21.9,26.0,27.0
1977,21.8,21.9,27.0,28.0
1978,21.8,21.9,28.0,29.0
1979,21.8,21.9,29.0,30.0
1980,21.9,22.0,10.0,11.0
1981,21.9,22.0,11.0,12.0
1982,21.9,22.0,12.0,13.0
1983,21.9,22.0,13.0,14.0
1984,21.9,22.0,14.0,15.0
1985,21.9,22.0,15.0,16.0
1986,21.9,22.0,16.0,17.0
1987,21.9,22.0,17.0,18.0
1988,21.9,22.0,18.0,19.0
1989,21.9,22.0,19.0,20.0
1990,21.9,22.0,20.0,21.0
1991,21.9,22.0,21.0,22.0
1992,21.9,22.0,22.0,23.0
1993,21.9,22.0,23.0,24.0
1994,21.9,22.0,24.0,25.0
1995,21.9,22.0,25.0,26.0
1996,21.9,22.0,26.0,27.0
1997,21.9,22.0,27.0,28.0
1998,21.9,22.0,28.0,29.0
1999,21.9,22.0,29.0,30.0
